strong_G,origin_type,strong_H_ref,raw_entry_ocr
G0002,Hebrew,H0175,"""Aapuv Aaron, ah-ar-6hn'; of Heb. or. [175]; Aaron, the brother of Moses:— Aaron. S. ' AgaSSwv Abaddon ab-ad-ddhn'; of Heb. or. [11]; a destroying angel:— Abaddon."
G0005,Chaldee/Aramaic,H0002,"*Appd Abba, ab-bah'; of Chald. or. [2]; father (as a voc.):— Abba."
G0006,Hebrew,H1893,"""AP«X. Abel, ab'-el; of Heb. or. [1893]; Abel, the son of Adam:— Abel."
G0007,Hebrew,H0029,"""Apia Abla, ab-ee-ah'; of Heb. or. [29]; Abijah, the name of two Isr. :— Abia."
G0008,Hebrew,H0054,"' ApiaBap Ablatbar, ab-ee-ath'-ar; of Heb. or. [54]; Abiathar, anlsr.:— Abiathar."
G0010,Hebrew,H0031,"""APioilS Abioud, ab-ee-ood'; of Heb. or. [31]; Abihud, an Isr :— Abiud."
G0058,Hebrew,H1904,"""A/yop Agar, ac/-ar; of Heb. or. [1904] ; Hagar, the concubine of Abraham:— Hagar."
G0076,Hebrew,H0181,"""Afidu Adam, adorn'; of Heb. or. [181]; Adam, the first man; typ. (of Jesus) man (as his representative) :— Adam."
G0281,Hebrew,H0543,"ou,^ v amen, am-ane'; of Heb. or. [543]; prop. firm, i.e. (flg.) trustworthy; adv. surely (often as in- terj. so be it):— amen, verily."
G0300,Hebrew,H0586,"""Ap.ilv Anion, am^one'; of Heb. or. [586]; Amon, a.n Isr.: — Anion."
G0301,Hebrew,H0531,"Ap.i6s Amos, am-oce'; of Heb. or. [531]; Amos, an Isr. : — Amos."
G0367,Hebrew,H2608,"'Avavtos Ananias, an-an-ee'-as; of Heb. or. [2608] ; Ananias, the name of three Isr. : — Ananias."
G0451,Hebrew,H2584,"""Avvo Anna, an'-nah; of Heb. or. [2584]; Anna, an Israelitess: — Anna."
G0688,Hebrew,H6152,"'Apafila Arabia, ar-ab-ee'-ah; of Eeb. or. [6152]; Arabia, a region of Asia:— Arabia. dpayt aragS. See 686 and io6j."
G0689,Hebrew,H7410,"'Apdu, Aram, ar-am'; of Heb. or. [7410]; Aram (i.e. Ram), an 1st.: — Aram."
G0707,Hebrew,H7414,"'Apifiafafa AH runt baia, ar-ee-math-ah'ee- ah; of Heb. or. [7414] ; Arimathcea (or Ramah), a place in Pal.:— Arimathaaa."
G0728,Hebrew,H6162,"ddpa(3<ov arrbabon, ar-fcrab-oftn'; of Heb. or. [6162]; a pledge, i.e. part of the purchase-money or property given in advance as security for the rest: — earnest."
G0742,Hebrew,H0775,"'Ap<pa£dS Arpbaxad, ar-fax-ad'; of Heb. or. [775]; Arpbaxad, a post-diluvian patriarch:— Ar- phaxad."
G0760,Hebrew,H0609,"*Ao-d Asa, as-ah'; of Heb. or. [609]; Asa, an Isr.:— Asa."
G0765,Hebrew,H0836,"""Ao-fjp Aser, as-ayr1; of Heb. or. [836]; Aser (i.e. Asher), an Isr. tribe:— Aser."
G0000,Hebrew,H0271,"dipiovos apbonos, af -o-nos; from 7 (as a neg.* particle) and 343b; voiceless, i.e. mute (by nature or choice); flg. unmeaning:— dumb, without significa- tion. 88 J. 'A\H Acbaz, akh-adz1; of Heb. or. [271]; Achaz, an Isr. : — Achaz."
G0896,Hebrew,H1168,"BdaX Baal, bah'-al; of Heb. or. [1168]; Baal, a Phoenician deity (used as a symbol of idolatry) : — Baal. £"
G0097,Hebrew,H0894,"BafSvX&v Babalon, bab-oo-lone' ; of Heb. or. [894] ; Babylon, the capital of Chaldsea (lit. or fig. [as a type of tyranny]):— Babylon."
G0903,Hebrew,H1109,"BaXadp, Balaam, bal-ah-am'; of Heb. or. [1109]; Balaam, a Mesopotamian (symb. of a false teacher) :— Balaam."
G0913,Hebrew,H1301,"BapdK Barak, bar-aW; of Heb. or. [1301]; Barak, an Isr. : — Barak. 914- Bapoxtas Barachias, bar-akh-ee'-as; of Heb. or. [1296]; Barachias (i.e. Berechijah), an Isr.:— Barachias."
G0943,Hebrew,H1824,"pdTOS baton, bat'-os; of Heb. or. [1824]; a bath, or measure for liquids:— measure."
G0955,Hebrew,H1100,"BcXCaX Belial, beVee'-al; of Heb. or. [1100]; worthlessness; Belial, as an epithet of Satan:— Belial."
G0958,Hebrew,H1144,"Bcviautv B&niamln, ben-ee-am-een'; of Heb. or. [1144]; Benjamin, an Isr.:— Benjamin."
G0965,Hebrew,H1036,"BuBXWp, Betbl6em, bayth-leh-em' ; of Heb. or. [1036]; Bethleem (i.e. Beth-lechem), a place in Pal. :— Bethlehem."
G1003,Hebrew,H1162,"Bo6\ BAAz. bo-oz'; of Heb. or. [1162]; Booz, (i.e. Boaz), an Isr. :— Booz."
G1007,Hebrew,H1160,"Boo-op BAsAr, bos-or'; of Heb. or. [1160]; Bosor (i.e. Bear), a Moabite:— Bosor."
G1040,Hebrew,H0948,Pvo-o-os bnssAs. boos'-sos; of Heb. or. [948]; white linen:— fine linen.
G0005,Hebrew,H1410,"rd8 Gad, gad; of Heb. or. [1410]; Gad, a tribe of 1st.:— Gad. lOJfi. raSoonvos GadarenAs, gad-ar-ay-nos1; from TaSapd (a town E. of the Jordan); a Gadar- etie or inhab. of Gadara:— Gadarene."
G1056,Hebrew,H1551,"raX.iX.ata Galllala, gal-il-ah-yah; of Heb. or. [1551] ; Galilcea (i.e. the heathen circle), a region of Pal.:— Galilee."
G1059,Hebrew,H1583,"TauaXi^X Gamaliel, gam-al-ee-ale'; of Heb. or. [1583]; Gamaliel (Le. Gamliel), an Isr.:— Gamaliel."
G1066,Hebrew,H1439,"T&t&v Gedeon, ghed-eh-own' ; of Heb. or. [1439] ; Gedeon (i.e. G id[e]on), an Isr. :— Gedeon."
G1086,Hebrew,H1622,"rcpyto-nvos GergesenAs, gher-ghes-ay- nos'; of Heb. or. [1622]; a Gergesene (Le. Girgashite) or one of the aborigines of Pal.:— Gergesene."
G1116,Hebrew,H6017,"rdjioppo GAmArrha, gom'-or-hrhah; of Heb. or. [6017]; Gomorrha (i.e. 'Amorah), a place near the Dead Sea:— Gomorrha."
G0005,Hebrew,H1463,"r<&Y Gog, gogue; of Heb. or. [1463]; Gog, a symb. name for some future Antichrist:— Gog."
G0035,Hebrew,H1732,"AafSCS Dabld, dab-eed'; of Heb. or. [1732]; Dabid (i.e. David), the Isr. king:— David. J"
G7153,Hebrew,H1834,"Aap,ao-Kt)vd$ Damaskenfts, dam-as-kay- nosf; from J754; a Damascene or inhab. of Damas- cus:—Damascene. 11.54- Aapoo-icds Damaakds, dam-as-kos1; of Heb. or. [1834]; Damascus, a city of Syria:— Da- mascus."
G1445,Hebrew,H5877,"""E$ip Sb8r, eb-er1; of Heb. or. [5877]; Eber, a patriarch:— Eber. 1444- 'Eppa'iicds H ebraikdg, heb-rah-ee-kos'; from 7#c?; Hebraic or the Jewish languages- Hebrew. 1445- ""Eppatos H8bral£s, heb-rah'-yos; from 1443; a Hebrcean (l.e. Hebrew) or Jew: — Hebrew."
G1478,Hebrew,H2396,"'EjcxCas £z8klas, ed-zek-ee'-as; of Heb. or. [2396]; Ezekias (i.e. Hezekiah), an Isr.:— Ezekias."
G1639,Hebrew,H5867,"'EXap,CrT|S islamites, el-am-ee'-tace; of Heb. or. [5867] ; an Blamite or Persian:— Elamite."
G1648,Hebrew,H0499,"'EXed^ap Eleazar, el-eh-ad'-zar; of Heb. or. [499]; Eleazar, an Isr.:— Eleazar."
G1662,Hebrew,H0471,"'EXiaiccCp. (jllakeiin, el-ee-ak-ime' ; of Heb. or. [471]; Eliakim, an Isr.:— Eliakim."
G1663,Hebrew,H0461,"'EXi4f,«p fiUezer, el-ee-ed'-zer; of Heb. or. [461] ; Eliezer, an Isr. : — Eliezer."
G1665,Hebrew,H0472,"'EXurdpVr f lisab. t el-ee-sab'-et; of Heb. or. [472] ; Elisabet, an Israelitess:— Elisabeth."
G1666,Hebrew,H0477,"'EXunratos £llssal5n, el-is-sah'-yos; of Heb. or. [477] ; Elissceus, an Isr.:— Elissfflus."
G1694,Hebrew,H6005,"'Ejij).avo\)T|X tmiuaiiuu.'l em-man-oo- ale'; of Heb. or. [6005] ; God with us; Emmanuel, a name of Christ:— Emmanuel."
G1697,Hebrew,H3544,"'E|i(iop £mmAr, em-mor1; of Heb. or. [3544]; Emmor (i.e. Chamor), a Canaanite:— Emmor."
G1800,Hebrew,H0583,"'Evws Eno8, en-oce'; of Heb. or. [583]; .Enos (i.e. Enosh), a patriarch:— Enos."
G1802,Hebrew,H2585,"'Ev<4x £nok, en-oke'; of Heb. or. [2585]; Enoch (i.e. Ghanok), an antediluvian:— Enoch. 4J «x. See 7jtf"
G2074,Hebrew,H2696,"'Eo-ptiu, Esrom, es-rome; of Heb. or. [2696]; Esrom (i.e. CTieisron), an Isr. :— Esrom."
G2096,Hebrew,H8332,"Eva fina, yoo1 -ah; of Heb. or. [8332] ; Eua (or Eva, i.e. Chavvah), the first woman:— Eve."
G2188,Chaldee/Aramaic,H6606,"I<p<pa0d ephpbatha, ef-fath-ah'; of Chald. or. [6606] ; be opened!:— Ephphatha."
G2196,Hebrew,H2226,"Zapd Zara, dzar-ah'; of Heb. or. [2226]; Zara (i.e. Zerach), an Isr.:— Zara."
G2197,Hebrew,H2148,"ZaxapCas Zacbartas, daalili-ar-ee'-as; of Heb. or. [2148] ; Zacharias (i.e. Zechariah), the name of two Isr. :— Zacharias."
G2262,Hebrew,H6147,"""Hp Br, ayr; of Heb. or. [6147]; Br, an Isr.:— Er."
G2268,Hebrew,H3470,"'Ho-atas Heaalaa, hay-sah-ee'-as; of Heb. or. [3470]; Hesaias (i.e. Jeshajah), an Isr. :— Esaiaa."
G2269,Hebrew,H6216,"'HeraC Esau. ay-soW; of Heb. or. [6216]; Esau, an Edomite:— Esau."
G2282,Hebrew,H8559,"9AVir» tbalpo, thal'-po; prob. akin to flaXXo) (hallo (to warm); to brood, I.e. (fig.) to /os- ier.—feherish? ~~ 2283.^&&JMp Tbamar, tham'-ar; of Heb. or. [8559]; TAamar(i.e. Tamar), an Israelitess:— Thamar."
G2291,Hebrew,H8646,"0dpa Tbara, thar'-ah; of Heb. or. [8646]-, Thara (i.e, Terach). the father of Abraham:— Thara. Tharhreho Eeos GREEK DICTIONARY OF THE NEW TESTAMENT."
G2383,Hebrew,H8971,"'Idtipos IaSlros, ee-ah'-i-ros; of Heb. or. [8971] ; Jairus (i.e. Jair), an Isr. :— Jairus. 238 Jf. 'IaKiSP Iakob, ee-afc-ooe'; of Heb. or. [3290]; Jacob (i.e. Ja'akob), the progenitor of the Isr. ; also an 1st.: — Jacob. SS5."
G2391,Hebrew,H3382,"'IdptS Iarfd ee-ar'-ed; of Heb. or. [3382]; Jared (i.e. Jered), an antediluvian:— Jared."
G2401,Hebrew,H0123,"'ISovpaia Jddamala, id-oo-mah'-yah; of Heb. or. [123] ; Idumcea (i.e. Edom), a region E. (and S.) of Pal. :— Idumeea."
G2403,Hebrew,H0348,"'leiX^X Iezabel, ee-ed-zab-ale'; of Heb. or. [348]; Jezabel (i.e. Tezebel), a Tyrian woman (used as a synonym of a termagant or false teacher) :— Jezabel."
G2414,Hebrew,H3389,"'Iepoo-dXvpa Hierftsoluma, ftee-er-os-oJ'- oo-mah; of Heb. or. [3389]; Hierosolyma (i.e. Jeru- shalaim), the capital of Pal. : — Jerusalem. Comp. 24/g."
G2419,Hebrew,H8389,"'Iepovo-oX^n merdusalem, hee-er-oo- sal-ame'; of Heb. or. [8389]; Hierusalem (i.e. Jerush- alem), the capital of Pal. :— Jerusalem. Comp."
G2423,Hebrew,H3204,"'IcxovCas ISchSntaa, ee-ekh-on-ee'-as; of Heb. or. [3204]; Jechonias (i.e. Jekonjah), an Isr.: — Jechonias. Ii)o-ovs Iesouu, ee-ay-sooce' ; of Heb. or. [3091] ; Jesus (i.e. Jehoshua), the name of our Lord and tw» (three) other Isr.:— Jesus."
G2464,Hebrew,H3327,"Io-adtt Isaak, ee-sah-ak'; of Heb. or. [3327]; Isaac (i.e. Jitschak), the son of Abraham:— Isaac. &£"
G2466,Hebrew,H3485,"'Lrax&p Isacbar, ee-sakh-ar1; of Heb. or. [3485] ; Isachar (i.e. Jissaskar), a son of Jacob (fig. his desc.):— Issachar. 24S"
G2473,Hebrew,H8478,"to""<5<|n>xos lsdpsncbds, ee-sop'-soo-khos; from 2470 and 5300; of similar spirit: — likeminded. 2474- 'I<rpat}X Israel, is-rah-ale'; of Heb. or. [8478]; Israel (i.e. Jisrael), the adopted name of Jacob, includ. his desc. (lit. or fig.):— Israel."
G2484,Hebrew,H8195,"'Irovpata Itdurala, ee-too-rah'-yah; of Heb. or. [8195] ; Iturcea (i.e. Jetur), a region of PaL :— Ituraa."
G2488,Hebrew,H3147,"IodBctp, Ioattaam, ee-o-ath'-am; of Heb. or. [3147] ; Joatham (i.e. Jotham), an Isr. :— Joatham."
G2491,Hebrew,H3110,"Io>dwi)$ Ioannes, ee-o-an'^nace; of Heb. or. [3110] ; Joannes (i.e. Jocfcanam), the name of four Isr.:— John."
G2492,Hebrew,H0847,"'I<jp I6b, ee-obe>; of Heb. or. [847]; Job (i.e. Hob), a patriarch:— Job."
G2493,Hebrew,H3100,"*I«WjX loel, ee-o-ate'; of Heb. or. [3100]; Joel, an Isr. : — Joel. 24S"
G2495,Hebrew,H8124,"'Itovds Idnas, ee-o-nas'; of Heb. or. [8124]; Jonas (i.e. Jonah), the name of two Isr.:— Jonas."
G2496,Hebrew,H3141,"'Iupdp. Ioram, ee-o-ram'; of Heb. or. [3141]; Joram, an Isr. :— Joram."
G2498,Hebrew,H3092,"'Icotra<f>aT Idsapbat, ee-o-saf-at' ; of Heb. or. [3092]; Josaphat (i.e. Jehoshaphat), an Isr.: — Josaphat."
G2501,Hebrew,H3130,"Iti»H)<|> Iogepb, ee-o-safe1; of Heb. or. [3130]; Joseph, the name of seven Isr.:— Joseph."
G2502,Hebrew,H2977,"I<oo-(as Ionian ee-o-see'-as; of Heb. or. [2977], Josias (i.e. Joshiah), an Isr. :— Josias."
G2535,Hebrew,H7014,"Ediv Kaiu kah'-in; of Heb. or. [7014]; Cain (i.e. Cajin), the son of Adam:— Cain."
G2536,Hebrew,H7018,"EaCvdv Kainan, kah-ee-nan'; of Heb. or. [7018] ; Cainan (i.e. Kenan), the name of two patri- archs:—Cainan."
G2573,Hebrew,H1581,"KaXus kalds, kaUoce'; adv. from 2370: well (usually mor.) :— (in a) good (place), honestly, + re- cover, (full) well. 2574- kduvnXos kamelSs, kam'-ay-los; of Heb. or. [1581]; a. ""camel"": — camel. #"
G2797,Hebrew,H7087,"Kb Kls, kis; of Heb. or. [7087]; Cis (i.e. Kish), an Isr.:— Cis. K'XPIr"" klenreml. Seejjjr-"
G2884,Hebrew,H3734,"K4pos kArde, kor'-os; of Heb. or. [3734] ; a cor, i.e. a specific measure:— measure."
G2891,Chaldee/Aramaic,H6966,"kovux kAnmi,fcoo'-mee; of Chald. or. [6966]; cumi (i.e. rise!): — cumi."
G2976,Hebrew,H0499,"Adijapos Lazards, lad'-zar-os; prob. of Heb. or. [499] ; Lazarus (i.e. Elazar), the name of two Isr. (one imaginary):— Lazarus."
G5016,Hebrew,H8878,"Xcirrov leptAn, lep-ton'; neut. of a der. of the same as 3013; something scaled (light), i.e. a small coin:— mite. SOU. AM Leui, lyoo-ee'; of Heb. or. [8878]; Levi, the name of three Isr. :— Levi. Comp."
G3091,Hebrew,H8876,"A<St tot, lote; of Heb. or. [8876]; Lot, a pa- triarch:— Lot. M"
G3097,Foreign (via Hebrew),H7248,"[tdyos magAs, mag'-os; of for. or. [7248]; a Jfagz'an, i.e. Oriental scientist; by impl. a magi- cian.-—sorcerer, wise man."
G8098,Hebrew,H4081,"May^y Magog, mog-ogue'; of Heb. or. [4081]; Magog, a for. nation, i.e. (fig.) an Antiehris- tian party:— Magog."
G8099,Hebrew,H4080,"MaSidv Madlan, mad-ee-an'; of Heb. or. [4080]; Madian (i.e. Midian), a region of Arabia:— Madian."
G3103,Hebrew,H4968,"Ma6owdXa Mathdusala, math-oo-sal'- ah; of Heb. or. [4968] ; Mathusala (i.e. Methushelach), an antediluvian:— Mathusala."
G3124,Hebrew,H4429,"MdX\os Malchos, mal'-khos; of Heb. or. [4429] ; Malchus, an Isr. :— Malchus."
G3128,Hebrew,H4519,"Mavatrarrjs Manasses, man-as-sace' ; of Heb. or. [4519] ; Manasses (i.e. Menashsheh), an Isr.:— Manasses."
G3131,Hebrew,H4478,"udvva manna, man'-nah; of Heb. or. [4478]; manna (i.e. man), an edible gum:— manna."
G3137,Hebrew,H4813,"MapCa Maria, mar-eef-ah; or Mapidu Mariam, mar-ee-am'; of Heb. or. [4813]; Maria or Mariam (i.e. Mirjam), the name of six Chr. females:— Mary."
G3157,Hebrew,H4977,"MoT0dv Matthan, mat-than'; of Heb. or. [4977] ; Matthan (i.e. Maltan), an Isr. :— Matthan."
G3161,Hebrew,H4993,"Marra61a$ Mattathlas, mat-tath-ee'-as; of Heb. or. [4993]; Mattathias (i.e. Mattithjah), an Isr. and Chr.:— Mattathias."
G3198,Hebrew,H4442,"McXxm&K MelchisSdek, mel-khis-ed- eV; of Heb. or. [4442]; Melchisedek (i.e. Malkitsedek), a patriarch: — Melchisedec."
G3323,Hebrew,H4899,"Mcavlas messias, mes-see'-as,' of Heb. or. [4899]; the Messias (i.e. Mashiach), or Christ:— Messias."
G3413,Hebrew,H4317,"Mixa<|\ KUcuael, mifch-ah-ole'; of Heb. or. [4317]; Michael, an archangel:— Michael."
G3434,Hebrew,H4488,"MoXox Moldcll mol-okh'; of Heb. or. [4488]; Moloch (i.e. Molek), an idol:— Moloch."
G3476,Hebrew,H5177,"Naa«ro-wv Naassou. nafc-as-sone'; of Heb. or. [5177]; JTaosson (i.e. JTacftsfton), an Isr.:— Naas- son."
G3481,Hebrew,H5416,"Na8dv Nathan, nath-an',- of Heb. or. [5416]; Nathan, an Isr.:— Nathan."
G8482,Hebrew,H5417,"NaOavarjX Nathanael, nath-an-ah-ale' ; of Heb. or. [5417] ; JVafftanaet (i.e. JVafftaneJ), an Isr. and Chr.: — Nathanael."
G3486,Hebrew,H5151,"Naovp. Naoam, nah-oom'; of Heb. or. [5151]; Naum (i.e. Nachum), an Isr.:— Naum."
G3493,Hebrew,H5152,"Naxc&p Nachor, nafcft-ore'; of Heb. or. [5152]; Nachor, the grandfather of Abraham:— Nachor."
G3497,Hebrew,H5283,"Neeudv Neeman, neh-eh-man'; of Heb. or. [5283] ; iVeeman (i.e. JTaaman), a Syrian:— Naaman."
G3507,Hebrew,H5321,"vcip&i) nephele, nef-el'-ay; from 3300; prop, cloudiness, i.e. (concr.) a cloud:— cloud. 350S. Ne+eoXetp, Nephthalelm, nef-thal-ime'; of Heb. or. [5321]; Nephthaleim (i.e. Naphthali), a tribe in Pal :— Nephthalim."
G3518,Hebrew,H5874,"Nijp' Neri, nay*ee"", of Heb. or. [5874]; Neri (i.e. Nerijah), an Isr.:— Neri."
G3535,Hebrew,H5210,"Niveut Nlnem, nin-yoo-ee'; of Heb. or. [5210]; Ninevi (i.e. Nineveh), the capital of Assyria:— Nineve."
G0004,Hebrew,H5818,"'OJCas dzlas, od-zee'-as; of Heb. or. [5818]; Ozias (i.e. Vzzijah), an Isr. :— Ozias."
G3631,Hebrew,H8196,"otvos AlnAs, oy>-nos; a prim, word (or perh. of Heb. or. [8196]); "" mine"" (lit. or flg.):— wine."
G3774,Hebrew,H0283,"OipCas durlas, oo^ree'-as; of Heb. or. [283]; Urias (i.e. Urijah), a Hittite:— Urias."
G4460,Hebrew,H7343,"'Padp Bhaab, hrah-ab'; of Heb. or. [7343]; Baab (i.e. Bachab), a Canaanitess:— Rahab. See also 4477-"
G0066,Hebrew,H7466,"'Pa^oB Rhagan, hrag-ow'; of Heb. or. [7466]; Ragau (i.e. Beii), a patriarch:— Ragau."
G4478,Hebrew,H7354,"'Pax^X Rhachel, hrakh-ale'; of Heb. or. [7354]; Bachel, the wife of Jacob:— Rachel."
G4479,Hebrew,H7259,"'P«P&cica Rheb£kka, hreb-bek'-kah; of Heb. or. [7259]; Bebecca (i.e. Bibka h), the wife of Isaac: —Rebecca."
G0007,Hebrew,H7346,"'PoPodp. Rhoboam, hrob-o-am'; of Heb. or. [7346]; Boboam (i.e. Bechabam), an Isr.:— Rob- oam."
G4503,Hebrew,H7327,"'Pov9 Rhdnth, Zirootft; of Heb. or. [7327]; ifrrfA, a Moabitess:— Ruth."
G4524,Hebrew,H6659,"SaSwK Saddle, sad-dke'; of Heb. or. [6659]; Sadoc (i.e. Tsadok), an Isr. : — Sadoc."
G4626,Hebrew,H8248,"o-Akkos sakkAs, sak'-kos; of Heb. or. [8248]; "" sack""-cloth, i.e. mohair (the material or garments made of it, worn as a sign of grief):— sackcloth."
G4521,Hebrew,H7974,"SoXd gala, sal-afc ; of Heb. or. [7974]; Sola (i.e. Shelach), a patriarch:— Sala."
G4528,Hebrew,H7697,"2aXa8i-fi.X Salathiel, sal-ath-ee -ale'; of Heb. or. [7697]; Salathiel (Le. Shealtiel), an Isr.:— Salathiel."
G4532,Hebrew,H8004,"SaXf> Salem, sal-ame1: of Heb. or. [8004]; Salem (i.e. Shalem), a. place in Pal.:— Salem. '. ZaX-ju&v Salmon, sal-mone1; of Heb. or. [8013] ; Salmon, an Isr. :— Salmon."
G4640,Hebrew,H8111,"Sajiapeia SmnarSii, sam-ar'-i-ah; of Heb. or. [8111]; Samaria (i.e. SAomeron), a city and region of Pal.:— Samaria."
G4545,Hebrew,H8050,"Sa|«>vf|\ SamAnel, sam-oo-ale'; of Heb. or. [8050]; Samuel (i.e. Shemuel), an Isr.:— SamueL 454S. 2ap|«iv Sampson, samp-sone'; of Heb. or. [8123]; Sampson (i.e. Shimshon), an Isr.:— Sam- son. ^"
G4552,Hebrew,H5601,"<rdir<p«pos sapphAlrAs, sap'-fi-ros; of Heb. or. [5601]; a ""sapphire"" or lapis-lazuli gem: — sapphire."
G4563,Hebrew,H8276,"a-aoydvi) sargane, sar-gan'-ay; appar. of Heb. or. [8276] ; a basket (as TOteraoren. or wicker- work):— basket."
G4658,Hebrew,H6886,"Sdpeirra SarApta, sar'-ep-tah; of Heb. or. [6886] ; Sarepta (i.e. Tsarephath), a place in Pal. : — Sarepta."
G4562,Hebrew,H8286,"Sapov\ SarAncb, sar-ooch'; of Heb. or. [8286]; Saruch (i.e. Serug), a patriarch :— Saruch."
G4664,Hebrew,H8283,"Sdppa Sarrba, sar'-hrah; of Heb. or. [8283]; Sarra (i.e. Sarah), the wife of Abraham:— Sara, Sarah."
G4566,Hebrew,H8289,"Sdpwv Saron, sar'-one; of Heb. or. [8289] Saron (i.e. Sharon), a district of Pal. :— Saron."
G4566,Hebrew,H7854,"Sardv Satan, sat-an'; of Heb. or. [7854] Satan, i.e. the devil:— Satan. Comp."
G4568,Hebrew,H5429,"o-otov satAn, sat'-on; of Heb. or. [5429]; a certain measure for things dry: — measure."
G4559,Hebrew,H8352,"S^jO Setk, sayth; of Heb. or. [8352]; Seth (i.e. Sheth), a patriarch:— Seth."
G4590,Hebrew,H8035,"2% Sem, some; of Heb. or. [8035]; Sem (l.e. Shem), a patriarch:— Sem. ^59i. <ri]|iaCvc» gemalno, say-mah'ee-no; from 0""^[xa sema (a mark; of uncert. der.); to indi- cate:— signify."
G4697,Hebrew,H5580,"<rf|S ses, sace; appar. of Heb. or. [5580]; a moth: — moth."
G0605,Hebrew,H6721,"ZiStiv sidon, sid""-one'; of Heb. or. [6721]; ■Sidon (i.e. Tsidon), a place in Pal.:— Sidon."
G4608,Hebrew,H7941,"o-CKcpa sib era, sik'-er-ah; of Heb. or. [7941] ; an intoxicant, i.e. intensely fermented liquor:— strong drink."
G0009,Hebrew,H7975,"46.Z.Z. SvXwdp, SUdam, sil-o-am'; of Heb. or. [7975]; Siloam (i.e. Shiloach), a pool of Jerus.:— Siloam. 46A"
G0003,Hebrew,H8095,"S£p,«v Simon, see'-mone; of Heb. or. [8095] ; Simon (i.e. Shimon), the name of nine Isr.:— Simon. Comp."
G4614,Hebrew,H5514,"Sivd Sin a, see-nah'; of Heb. or. [5514]; Sina (i.e. Sinai), a mountain in Arabia:— Sina."
G4621,Hebrew,H6726,"(tItos sltds, see'-tos; plur. irreg. neut. crfTa slta, see'-tah; of uncert. der. ; grain, espec. wheat: — corn, wheat. 462$. SwSv Sion, see-own'; of Heb. or. [6726]; Sion (i.e. Tsijon), a bill of Jerus. ; fig. the Church (mil- itant or triumphant):— Sion."
G4670,Hebrew,H5467,"SoSofia Sodoma, sod'-om-ah; plur. of Heb. or. [5467]; Sodoma (i.e. Sedom), a place in PaL:— Sodom. 467i. <rot s6t, soyf dat. of #77/; to thee:— thee, thine own, thou, thy."
G4672,Hebrew,H8010,"2oXo|«Sv or So\o|*fflv SdlSmon, so!-om- one'; of Heb. or. [8010] ; Solomon (i.e. Shelomoh), the Bon of David:— Solomon."
G4547,Hebrew,H6865,"SvpCtt Snrla, soo-ree'-ah; prob. of Heb. or. [6865] ; Syria (i.e. Tsyria or Tyre), a region of Asia:— Syria. Jj94$. Svpos SnrAs, soo'^ros; from the same as $047; a Syran (i.e. prob. Tyrian), a native of Syria:— Syrian."
G0965,Hebrew,H7941,"2i>xdp Suchar, soo-khar'; of Heb. or. [7941] ; Sychar (i.e. Shekar), a place in Pal. :— Sychar. J/"
G0966,Hebrew,H7937,"2vxl|i SucbAm, soo-khem'; of Heb. or. [7937] ; Syehem (i.e. Shekem), the name of a Canaanite and of a place in Pal.:— Syehem."
G5184,Hebrew,H6865,"Tvpos Turds, too'-ros; of Heb. or. [6865]: Tyrus (i.e. Tsor), a place in Pal. :— Tyre."
G5501,Foreign (via Hebrew),H0331,"wrtnoiros liu»sopds, hoos'-so-pos; of for. or. [331]; "" hyssop"":— hyssop."
G5323,Hebrew,H6439,"<£avov<jX PhanAuel, fan-oo-ale'; of Heb. or. [6439]; Phanuel (i.e. Pen«e!), anlsr.:— Phanuel. 55^4- <J>avTd£«> pbantazo, fan-tad' -zo; from a der. of 331b; to mote apparent, i.e. (pass.) to appear (neut. part, as noun, a spectacle):— sight."
G5328,Foreign (via Hebrew),H6547,"<J?apa<S Pharao, far-ah-o'; of for. or. [6547] ; Pharad (i.e. Pharoh), an Eg. king: — Pharaoh."
G5339,Hebrew,H6557,"tape's Phares, far-es1; of Heb. or. [6557]; Phares (i.e. Perets), an Isr. : — Phares."
G0066,Hebrew,H3778,"XaXSatos Chaldaids, khal-dah'-yos; prob. of Heb. or. [3778] ; a Chaldazan (i.e. Kasdi), or na- tive of the region of the lower Euphrates:— Chaldsean."
G0077,Hebrew,H3667,"Xovoav Chanaan, khan-ah-an'; of Heb. or. [3667] ; Chanaan (i.e. Kenaan), the early name of Pal.:— Chanaan."
G5488,Hebrew,H3771,"Xappdv Charrhan, khar-hran'; of Heb. or. [3771] ; Charrhan (i.e. Charan), a place in Meso- potamia:—Charran."
G5509,Foreign (via Hebrew),H3801,"xtT«iv chiton, khee-tone'; of for. or. [3801]; a tunic or shirt:— clothes, coat, garment"
G5601,Hebrew,H5744,"'ftpVjS Obed, o-bade'; of Heb. or. [5744]; Obed, anlsr.:— Obed."
G5617,Hebrew,H1954,"'D,<rt\( Hosee, ho-say-eh'; of Heb. or. [1954]; Hosee (i.e. Hoshea), an Isr.:— Osee."
